,groupname,time_per_frame,time_for_all_frames,stddev_for_all_frames,fps
0,baseline_benchmark,0.0058,5.78169855933326,0.0433,172.95955327621215
1,pyav_benchmark,0.0060,5.969740424334304,0.0309,167.51147100529278
2,multiproc_benchmark,0.0055,5.473846775338946,0.0046,182.6868820123448
3,decord_sequential_cpu_benchmark,0.0061,6.113049101996391,0.0125,163.58448677819737
4,decord_batch_cpu_benchmark,0.0090,9.03513782233737,0.0418,110.67899789284036
5,imutils_benchmark,0.0053,5.315674278337004,0.0129,188.12288858166224
6,camgears_benchmark,0.0111,11.123012733660289,0.0343,89.90370000870497
7,camgears_with_queue_benchmark,0.0053,5.3209646063381415,0.0180,187.9358488513222
