,groupname,time_per_frame,time_for_all_frames,stddev_for_all_frames,fps
0,baseline_benchmark,0.0057,5.724104939331785,0.0096,174.6998020823736
1,multiproc_benchmark,0.0055,5.520327426330671,0.0227,181.14867520905258
2,imutils_benchmark,0.0054,5.372322681667963,0.0399,186.13922864542582
3,camgears_benchmark,0.0111,11.123894522667493,0.0378,89.89657335947136
4,camgears_with_queue_benchmark,0.0054,5.353105319998576,0.0066,186.80745851648328
