,groupname,time_per_frame,time_for_all_frames,stddev_for_all_frames,fps
1,multithreaded_queue,0.0195,19.532649743,0.2324,51.1963309206615
0,serial,0.0187,18.6700845423333,0.152,53.5616214127236
2,naive_mp_queue,0.0083,8.2580643173333,0.0797,121.09375291508
4,shared_memory_array_with_pipes,0.0038,3.76130598433334,0.1761,265.865102218543
3,shared_memory_array,0.0037,3.68246263900005,0.124,271.557405473513
