,groupname,time_per_frame,time_for_all_frames,stddev_for_all_frames,fps
0,baseline_benchmark,0.0057,5.7160367593363235,0.0047,174.94639067298576
1,imutils_benchmark,0.0053,5.284077641331048,0.0093,189.24778700793317
2,camgears_benchmark,0.0111,11.145443120333463,0.0604,89.72276734117689
3,camgears_with_queue_benchmark,0.0053,5.291052485668236,0.0057,188.99831417448218
