,groupname,time_per_frame,time_for_all_frames,stddev_for_all_frames,fps
4,decord_batch_cpu_benchmark,0.0099,9.891291526999945,0.5364,101.09903214057857
1,pyav_benchmark,0.0079,7.865953557998485,0.2461,127.13016834216512
3,decord_sequential_cpu_benchmark,0.0078,7.777752187340714,0.2590,128.5718515984127
0,baseline_benchmark,0.0074,7.427052303003923,0.1594,134.64291877890008
2,multiproc_benchmark,0.0062,6.17786964866779,0.1358,161.86809642635342
7,camgears_with_queue_benchmark,0.0053,5.334969866996592,0.0370,187.44248326241555
5,imutils_benchmark,0.0053,5.329872664005961,0.0424,187.62174315218903
6,camgears_benchmark,0.0052,5.194390440335458,0.0115,192.5153704725013
