,groupname,time_per_frame,time_for_all_frames,stddev_for_all_frames,fps
0,baseline_benchmark,0.0026,2.5797261813349905,3.6474,387.63803974052274
1,imutils_benchmark,0.0054,5.396403688335947,0.0261,185.3085976798677
2,camgears_benchmark,0.0052,5.208369558000413,0.0076,191.9986646231605
3,camgears_with_queue_benchmark,0.0053,5.343358552000912,0.0036,187.14821217182455
