,groupname,time_per_frame,time_for_all_frames,stddev_for_all_frames,fps
0,baseline_benchmark,0.0057,5.739521161335385,0.0035,174.23056242680272
1,multiproc_benchmark,0.0055,5.489254246999432,0.0070,182.17410872280615
2,decord_sequential_cpu_benchmark,0.0056,5.583345165333109,0.0246,179.10409806095853
3,decord_batch_cpu_benchmark,0.0093,9.28330644999854,0.0870,107.72024013062256
4,imutils_benchmark,0.0053,5.322038812664687,0.0020,187.89791566726868
5,camgears_benchmark,0.0112,11.23906537633593,0.0536,88.97536997209033
6,camgears_with_queue_benchmark,0.0053,5.316167039335899,0.0152,188.10545127734002
