,groupname,time_per_frame,time_for_all_frames,stddev_for_all_frames,fps
4,decord_batch_cpu_benchmark,0.0097,9.748409758666336,0.4139,102.58083366992243
6,camgears_benchmark,0.0090,9.01313175567096,0.7816,110.94922687342402
3,decord_sequential_cpu_benchmark,0.0062,6.2112487056632135,0.0865,160.9982223201323
1,pyav_benchmark,0.0060,5.974773882000591,0.0417,167.3703507027383
0,baseline_benchmark,0.0057,5.7410043640023405,0.0091,174.18554953037
2,multiproc_benchmark,0.0056,5.643756359335384,0.0797,177.18695427840214
5,imutils_benchmark,0.0053,5.344413432001602,0.0231,187.1112728689999
7,camgears_with_queue_benchmark,0.0053,5.313879979667642,0.0034,188.18641065027316
