,groupname,time_per_frame,time_for_all_frames,stddev_for_all_frames,fps
0,baseline_benchmark,0.0076,7.6104641966643,0.0487,131.39802962850865
1,imutils_benchmark,0.0054,5.3537338253348326,0.0489,186.78552812390856
2,camgears_benchmark,0.0052,5.175584115997481,0.0162,193.21490629609292
3,camgears_with_queue_benchmark,0.0053,5.327080650332694,0.0329,187.7200789024185
